image_code,image_url
1000,images/113.png
1003,images/116.png
1006,images/119.png
1009,images/122.png
1030,images/143.png
1063,images/176.png
1066,images/179.png
1069,images/182.png
1072,images/185.png
1087,images/200.png
1114,images/227.png
1117,images/230.png
1135,images/248.png
1147,images/260.png
1150,images/263.png
1153,images/266.png
1168,images/281.png
1171,images/284.png
1180,images/293.png
1183,images/296.png
1186,images/299.png
1189,images/302.png
1192,images/305.png
1195,images/308.png
1198,images/311.png
1201,images/314.png
1204,images/317.png
1207,images/320.png
1210,images/323.png
1213,images/326.png
1216,images/329.png
1219,images/332.png
1222,images/335.png
1225,images/338.png
1237,images/350.png
1240,images/353.png
1243,images/356.png
1246,images/359.png
1249,images/362.png
1252,images/365.png
1255,images/368.png
1258,images/371.png
1261,images/374.png
1264,images/377.png
1273,images/386.png
1276,images/389.png
1279,images/392.png
1282,images/395.png
